价钱,名称,评价数,商铺名
￥2299.00,摩托罗拉 edge s pro 旗舰骁龙870 1亿像素 50X潜望式变焦 10亿色144Hz臻彩屏 轻薄5G手机 12GB+256GB 青玉案,2万+条评价条评价,摩托罗拉手机京东自营官方旗舰店
￥1199.00,"荣耀Play5T 22.5W超级快充 5000mAh大电池 6.5英寸护眼屏 全网通8GB+128GB极光蓝
销量榜单明星产品，配备22.5W超级快充~查看超高颜值的新品荣耀X30i",50万+条评价,荣耀京东自营旗舰店
￥1299.00,"京品手机	
Redmi Note 9 Pro 5G 一亿像素 骁龙750G 33W快充 120Hz刷新率 湖光秋色 8GB+128GB 智能手机 小米 红米
【品质好物】一亿像素，120Hz刷新率《点击抢购note11pro》",100万+条评价,小米京东自营旗舰店
￥599.00,"Redmi 9A 5000mAh大电量 1300万AI相机 八核处理器 人脸解锁 4GB+64GB 砂石黑 智能手机 小米 红米
【品质好物】5000mAh大电量，1300万AI相机，大声量扬声器，人脸解锁【升级18W快充+线性扬声器，推荐】",200万+条评价,小米京东自营旗舰店
￥1299.00,"荣耀Play5T Pro 6400万双摄 6.6英寸全视屏 22.5W超级快充 4000mAh大电池 全网通版8GB+128GB 钛空银
【限时优惠200元】八核处理器，6400万超清双摄，配备22.5W超级快充~查看店铺更多活动~",10万+条评价,荣耀京东自营旗舰店
￥2499.00,"Redmi K40 骁龙870 三星AMOLED 120Hz高刷直屏 4800万高清三摄 12GB+256GB 幻境 游戏电竞5G手机 小米 红米
【品质好物】4800万高清三摄相机，骁龙870《点击抢购note11pro》","去看二手
100万+条评价",小米京东自营旗舰店
￥499.00,朵唯（DOOV）X12pro max智能手机八核水滴全面屏长续航游戏老年老人学生双卡双待手机 极光蓝（64GB）,1万+条评价,移联翼手机旗舰店
￥999.00,"Redmi Note 9 4G 6000mAh大电池 骁龙662处理器  18W快充 羽墨黑 6GB+128GB 智能手机 小米 红米
【品质好物】小金刚品质保证，骁龙662处理器+18W快充【note95G火热抢购中】",100万+条评价,小米京东自营旗舰店
￥2499.00,"荣耀50 1亿像素超清影像 5G 6.57英寸超曲屏 66W超级快充 3200万像素高清自拍 全网通版8GB+128GB 初雪水晶
【榜单爆品优惠200元+6期免息】1亿像素超清影像，一站式Vlog视频拍摄体验,~查看店铺更多活动~","去看二手
50万+条评价",荣耀京东自营旗舰店
￥4899.00,"Apple iPhone 12 (A2404) 128GB 白色 支持移动联通电信5G 双卡双待手机
【限时特惠】加99元得20W快充头！加799元得AirPods！更多优惠！","去看二手
300万+条评价",Apple产品京东自营旗舰店
￥1399.00,"荣耀X30i 7.45mm超薄全视屏 22.5W超级快充 6nm 5G疾速芯 全网通版 6G+128G 钛空银
【限时享6期免息】7.45mm超薄设计，超薄超轻~查看店铺更多活动~",20万+条评价,荣耀京东自营旗舰店
￥9799.00,"Apple iPhone 13 Pro Max (A2644) 256GB 远峰蓝色 支持移动联通电信5G 双卡双待手机
【限时特惠】3-6号购机享12期免息。PLUS会员专享购机赠1年期AppleCare+服务！选购[快充套装]加9元得20W快充头！更多优惠！",20万+条评价,Apple产品京东自营旗舰店
￥559.00,纽曼P80Pro八核全网通4G智能老人手机6.5英寸刘海游戏8+256G学生小米华为通用接口千元机 深海蓝 6GB+64GB,1000+条评价,威讯天诚手机专营店
￥2799.00,"京品手机	
Redmi K40 Pro+ 骁龙888 三星E4旗舰120Hz高刷直屏 一亿像素夜景 12GB+256GB 墨羽 游戏电竞5G手机 小米 红米
【品质好物】一亿像素夜景，骁龙888《点击抢购note11pro》","去看二手
20万+条评价",小米京东自营旗舰店
￥5999.00,"Apple iPhone 13 (A2634) 128GB 星光色 支持移动联通电信5G 双卡双待手机
【限时特惠】PLUS会员专享购机赠1年期AppleCare+服务！选购[快充套装]加9元得20W快充头！以旧换新补贴至高840元！更多优惠！",50万+条评价,Apple产品京东自营旗舰店
￥2699.00,"vivo iQOO Neo5 8GB+256GB 夜影黑 骁龙870 独立显示芯片 66W闪充 专业电竞游戏手机 双模5G全网通iqooneo5
【特惠50,到手价2649!尊享12免息+PLUS会员赠耳机】骁龙870，独立显示芯片，66W闪充！iQOO京选好物！",20万+条评价,iQOO京东官方自营旗舰店
"￥4499.00

￥3999.00","Apple iPhone 11 (A2223) 128GB 白色 移动联通电信4G手机 双卡双待
搭载A13仿生芯片，6.1英寸LCD全面屏，超广角四倍取景范围。iPhone11，一切都刚刚好。更多优惠！","去看二手
500万+条评价",Apple产品京东自营旗舰店
￥1499.00,"Redmi Note 10 Pro 5G 天玑1100旗舰芯 67W快充 120Hz旗舰变速金刚屏 星纱 6GB+128GB 智能手机 小米红米
【品质好物】天玑1100旗舰芯，67W快充《点击抢购note11pro》","去看二手
50万+条评价",小米京东自营旗舰店
￥9999.00,摩托罗拉 moto edge 系列新机 全新一代骁龙8 敬请期待,0条评价,摩托罗拉手机京东自营官方旗舰店
￥2299.00,"京品手机	
Redmi K40游戏增强版 天玑1200处理器67W闪充 120Hz高刷直屏 12GB+256GB 暗影 游戏电竞智能5G手机 小米 红米
K40游戏手机限时优惠,天玑1200旗舰处理器,120Hz高刷直屏【点击抢购小米10s】","去看二手
20万+条评价",小米京东自营旗舰店
￥899.00,"荣耀畅玩20 5000mAh超大电池续航 6.5英寸大屏  莱茵护眼 4GB+128GB 极光蓝 双卡双待 全网通
八核处理器，5000mAh超大电池，6.5英寸高清~查看店铺更多活动~",50万+条评价,荣耀京东自营旗舰店
￥1799.00,"OPPO K9 8+128GB 幻彩之翼 高通骁龙768G 65W超级闪充 90Hz OLED电竞屏 6400万AI三摄 游戏拍照 双模 5G手机
【12月5日，优惠100元，店铺会员叠加优惠10元到手1689元丨以旧换新至高补贴800元】
【K9s限时赠耳机】","去看二手
20万+条评价",OPPO京东自营官方旗舰店
￥2299.00,"京品手机	
vivo iQOO Neo5 活力版 骁龙870 144Hz竞速屏 44W闪充 双模5G全网通手机 8GB+128GB 极夜黑 iqooneo5活力版
【特惠300,到手价1999!店铺会员赠iQOO耳机】骁龙870,144Hz竞速屏,44W闪充！iQOO京选好物！","去看二手
20万+条评价",iQOO京东官方自营旗舰店
￥1799.00,"京品手机	
荣耀X10 5G双模 麒麟820 4300mAh续航 4000万高感光影像系统 6.63英寸升降全面屏 全网通8GB+128GB 光速银
【预约优惠600元，到手价1799元】麒麟820芯片,5G信号，买到就是赚到！查看店铺更多活动~","去看二手
50万+条评价",荣耀京东自营旗舰店
￥2999.00,【至高优惠400】OPPO Reno6 系列 oppo手机 全网通5g智能 opporeno5升级 Reno6 夜海 12+256GB 现货 官方标配【1年店铺延保+晒单20红包】,5000+条评价条评价,头号卖家旗舰店
￥1099.00,"京品手机	
荣耀Play5T活力版 超级快充 5000mAh大电池 6.6英寸全面屏 全网通6GB+128GB极光蓝
【榜单爆品优惠200元，到手价1099】5000mAh大电池，超长续航体验查看店铺更多活动~",20万+条评价,荣耀京东自营旗舰店
￥1699.00,"Redmi Note 11 Pro 5G 三星AMOLED高刷屏 1亿像素 67W快充 VC液冷散热  6GB+128GB 迷雾森林 手机 小米 红米
【品质好物】三星AMOLED高刷屏，1亿像素《点击抢购note11pro》",10万+条评价,小米京东自营旗舰店
￥1399.00,"OPPO K7x 6+128GB 云之彼端 4800万四摄 5000mAh长续航 90Hz电竞屏  30W闪充 游戏智能 5G手机
【12月5日，优惠200元，店铺会员叠加优惠10元到手1189元丨以旧换新至高补贴800元】K9Pro至高优惠210元】","去看二手
50万+条评价",OPPO京东自营官方旗舰店
￥2899.00,"小米10S  骁龙870  哈曼卡顿对称式双扬立体声 8GB+256GB 黑色 旗舰手机
【白条24期免息】哈曼卡顿对称式双扬立体声【点击抢购小米10s】","去看二手
20万+条评价",小米京东自营旗舰店
￥1199.00,"OPPO A11s 8+128G 磨砂黑 超大存储 5000mAh大电池 18W疾速快充 90Hz护眼屏 全网通拍照手机
【12月5日，优惠30元，店铺会员叠加优惠10元到手1159元丨赠原厂耳机丨以旧换新至高补贴800元】
【K9至高优惠210元】",2万+条评价,OPPO京东自营官方旗舰店
￥2999.00,【至高优惠400】OPPO Reno6 系列 oppo手机 全网通5g智能 opporeno5升级 Reno6 夜海 12+256GB 现货 官方标配【1年店铺延保+晒单20红包】,5000+条评价,头号卖家旗舰店
￥1299.00,"Redmi Note 11 5G 天玑810 33W Pro快充 5000mAh大电池  6GB +128GB 浅梦星河 智能手机 小米 红米
【品质好物】天玑810，5000mAh大电池《点击抢购note11pro》",5万+条评价,小米京东自营旗舰店
￥1899.00,"vivo iQOO Z5 8GB+128GB 蓝色起源 骁龙778G 5000mAh长续航 120Hz高刷原色屏 双模5G全网通手机iqooz5
【尊享3期免息+赠iQOO耳机】骁龙778G,5000mAh长续航,120Hz高刷原色屏！iQOO京选好物！",5万+条评价,iQOO京东官方自营旗舰店
￥3899.00,"vivo iQOO 8 12GB+256GB 传奇版 120W闪充 骁龙888 独立显示芯片 KPL官方赛事电竞手机 双模5G全网通iqoo8
【尊享12期免息+赠iQOO耳机+PLUS赠半年延保】120W快充，骁龙888!iQOO京选好物！",5万+条评价,iQOO京东官方自营旗舰店
￥6099.00,"华为 HUAWEI Mate 40 Pro 4G 全网通 麒麟9000旗舰芯片 8GB+128GB亮黑色华为手机【搭载HarmonyOS 2】
【华为Mate40Pro】限时优惠300元,到手价5799,速来抢购！华为手机热销爆款，限量抢购，猛戳》》》","去看二手
50万+条评价",华为京东自营官方旗舰店
￥3598.00,"京品手机	
vivo iQOO 7 12GB+256GB 传奇版 骁龙888 120W超快闪充 KPL官方赛事电竞手机 双模5G全网通vivoiqoo7
【特惠200，到手价3398！店铺会员赠iQOO耳机】骁龙888，120W超快闪充！iQOO京选好物！","去看二手
20万+条评价",iQOO京东官方自营旗舰店
￥2299.00,vivo iQOO Neo5 活力版 骁龙870 144Hz竞速屏 44W闪充 双模5G全网通手机 8GB+128GB 冰峰白 iqooneo5活力版,20万+条评价,iQOO京东官方自营旗舰店
￥1569.00,"三星 SAMSUNG Galaxy F52 5G 双模5G 120Hz全视屏  6400万四摄  游戏手机 8GB+128GB 薄暮黑
【限时优惠400元！到手价1599元】三星热销爆品速戳","去看二手
2万+条评价",三星京东自营官方旗舰店
￥1499.00,"vivo iQOO U3x 高通骁龙八核强芯 5000mAh大电池 90Hz竞速屏 双模5G全网通手机 8GB+128GB 幻蓝 iqoou3x
【特惠50,到手价1449!PLUS会员赠iQOO原装耳机】5000mAh大电池,90Hz竞速屏!iQOO京选好物！","去看二手
10万+条评价",iQOO京东官方自营旗舰店
￥3799.00,"京品手机	
三星 SAMSUNG Galaxy S21 5G 5G手机 骁龙888 超高清摄像 120Hz护目屏  8G+128G 墨影灰
【限时优惠1200元！到手价3799元】三星热销爆品速戳","去看二手
10万+条评价",三星京东自营官方旗舰店
￥1999.00,"荣耀X20 66W超级快充 120Hz高刷屏 6400万超清影像 4300mAh 全网通版 8GB+128GB 幻夜黑
【限时优惠300元】66W超级快充，120HZ超窄超窄全视屏幕~查看超高颜值的新品荣耀X30i",10万+条评价,荣耀京东自营旗舰店
￥2299.00,"摩托罗拉 edge s pro 旗舰骁龙870 1亿像素 50X潜望式变焦 10亿色144Hz臻彩屏 轻薄5G手机 12GB+256GB 青玉案
【摩力特惠1000，到手价2299元，再享6期免息】晒单得20元E卡，十亿色144Hz高刷臻彩屏，骁龙870升级性能铁三角，256大内存热卖中",2万+条评价,摩托罗拉手机京东自营官方旗舰店
￥5678.00,Apple/苹果 iPhone 13 (A2634)  全网通 5G手机 蓝色 全网通 128G【官方标配】,2万+条评价,酷族数码旗舰店
￥4499.00,"Apple iPhone 12 mini (A2400) 128GB 蓝色 手机 支持移动联通电信5G
【限时抢购】加799元得AirPods！更多优惠！","去看二手
20万+条评价",Apple产品京东自营旗舰店
￥2499.00,"OPPO Reno5 12+256GB 月夜黑 6400万水光人像四摄 65W超级闪充  5G手机
【12月5日，优惠200元，店铺会员叠加优惠10元到手2289元丨以旧换新至高补贴800元】
【Reno7系列现货开售，立即抢购】",20万+条评价,OPPO京东自营官方旗舰店
￥5999.00,"京品手机	
三星 SAMSUNG Galaxy Note20 Ultra 5G 5G手机 S Pen&三星笔记 120Hz 12GB+256GB 曜岩黑
【限时优惠2000元！到手价5999元】三星热销爆品速戳","去看二手
5万+条评价",三星京东自营官方旗舰店
￥2199.00,"OPPO K9 Pro 8+128GB 冰河序曲 天玑1200 120Hz OLED电竞屏 60W超级闪充 6400万三摄 游戏拍照 5G手机
【12月5日，优惠200元，店铺会员叠加优惠10元到手1989元丨赠原厂耳机丨以旧换新至高补贴800元】
【K9s限时赠耳机】",2万+条评价,OPPO京东自营官方旗舰店
￥4199.00,"华为 HUAWEI nova 8 Pro 麒麟985 5G SoC芯片 Vlog视频双镜头 120Hz环幕屏8GB+256GB 亮黑色全网通5G手机套餐一（无充电器和数据线）
麒麟985,5G,SoC芯片,Vlog双镜头,120Hz环幕屏,速来抢购；华为手机热销爆款，限量抢购，猛戳》》》",20万+条评价,华为京东自营官方旗舰店
￥2699.00,荣耀60 前后双曲设计 1亿像素超清摄影 高通骁龙778G 5G 66W智慧超级快充 全网通版 8GB+128GB 幻境星空,0条评价,荣耀京东自营旗舰店
￥3999.00,"小米11 Pro 5G 骁龙888 2K AMOLED四曲面柔性屏 67W无线闪充 3D玻璃工艺 8GB+128GB 绿色 手机
【11Pro享白条24期免息】AMOLED四曲面柔性屏【点击抢购小米10s】","去看二手
20万+条评价",小米京东自营旗舰店
￥1299.00,"京品手机	
realme 真我V15 6400万像素 50W智慧闪充 仅176g 新月银 6GB+128GB 双模5g手机
【真我爆款】加会员赠1000店铺积分！更多优惠",10万+条评价,realme真我京东自营旗舰店
￥4199.00,"小米 MIX4 骁龙888+ 一体化陶瓷机身 全面屏  一亿像素三摄 哈曼卡顿双扬声器 8GB+128GB 陶瓷黑 5G旗舰手机
【白条24期免息】屏下摄像头+CUP全面屏+120W双档秒充【点击抢购小米10s】","去看二手
10万+条评价",小米京东自营旗舰店
￥2099.00,"京品手机	
realme 真我GT Neo闪速版 天玑1200 6400万索尼主摄 65W闪充 仅179g 最终幻想 12GB+256GB 双模5g手机gtneo
【真我爆款】下单享6期免息，加会员赠1000店铺积分！更多优惠",20万+条评价,realme真我京东自营旗舰店
￥5999.00,"小米11 Ultra 至尊 5G 骁龙888 2K AMOLED四曲面柔性屏 陶瓷工艺 12GB+256GB 白色 游戏手机
【11Ultra享白条24期免息】加价购80w风帆无线充套装,AMOLED四曲面柔性屏【点击抢购小米10s】","去看二手
10万+条评价",小米京东自营旗舰店
￥789.00,天语i13迷你智能手机128G幻彩玻璃机身全面屏全网通4G超薄超小双卡双待可用5G卡电信华为通用接口 碧玉青 128GB,1000+条评价,金诚腾达手机专营店
￥3399.00,"荣耀50 Pro 1亿像素超清影像 5G 6.72英寸超曲屏 100W超级快充 前置视频双摄 全网通版8GB+256GB 初雪水晶
【榜单爆品优惠300元+12期免息】销量榜单产品，1亿像素超清影像，一站式Vlog视频拍摄体验！查看店铺更多活动~","去看二手
10万+条评价",荣耀京东自营旗舰店
￥5499.00,"vivo iQOO 8 Pro 12GB+256GB 传奇版 骁龙888Plus 120W闪充 2K超视网膜屏 超声波指纹  5G全网通手机iqoo8pro
【特惠300，到手价5199！尊享12期免息+赠iQOO耳机+PLUS赠半年延保卡】120W快充，骁龙888!iQOO京选好物！",2万+条评价,iQOO京东官方自营旗舰店
￥2699.00,"HUAWEI nova 9 4G全网通 120Hz 后置5000万超感知影像 搭载HarmonyOS 2 8+128GB普罗旺斯手机 标配无充
120Hz原色臻彩环幕屏,后置5000万超感知影像,搭载HarmonyOS2,速来抢购；华为手机热销爆款，限量抢购，猛戳》》》",5万+条评价,华为京东自营官方旗舰店
￥4199.00,"【搭载HarmonyOS 2】华为 HUAWEI Mate 40E 4G 全网通 6.5英寸OLED曲面屏 超感知徕卡影像  8GB+128GB釉白色
6.5英寸OLED曲面屏,有线无线双超级快充,超感知徕卡影像,欢迎抢购；华为手机热销爆款，限量抢购，猛戳》》》",5万+条评价,华为京东自营官方旗舰店
￥2799.00,"一加 OnePlus 9R 5G 120Hz 柔性屏8GB+256GB 蓝屿 骁龙870 65W快充  专业游戏配置 超大广角拍照手机
【12.12大牌狂欢】一加9R，到手价2599起，65W闪充，游戏手机，两年质保【抢1212元神券】","去看二手
20万+条评价",一加手机京东自营官方旗舰店
￥6799.00,荣耀 Magic3 Pro 骁龙888Plus 6.76英寸超曲屏 多主摄计算摄影 66W有线50W无线双超级快充 12GB+512GB 亮黑色,2万+条评价,荣耀京东自营旗舰店
￥3699.00,"OPPO Find X3 8+128GB 镜黑 5000万双主摄IMX766 10亿色臻彩屏 60倍显微镜 骁龙870 年度旗舰 5G手机
【12月5日，优惠300元，店铺会员叠加优惠10元到手3689元丨享12期免息丨以旧换新至高补贴800元】
【Reno7系列现货开售，立即抢购】","去看二手
5万+条评价",OPPO京东自营官方旗舰店
￥779.00,"朵唯（DOOV）D60promax超薄游戏智能手机学生价全网通4G老人老年百元便宜备用机美颜拍照华为HMS深海蓝128GB
限时特价豪礼来袭，赠1000元通话充值卡，签收后咨询客服进行领取，该卡仅限于app使用",2000+条评价,朵唯手机京东自营旗舰店
￥1599.00,"京品手机	
vivo iQOO Z5x 6GB+128GB  透镜黑 44W闪充 5000mAh大电池 120Hz高刷屏 双模5G全网通手机iqooz5x
【特惠200,到手价1399!尊享3期免息+PLUS赠耳机+PLUS赠半年延保】44W闪充,5000mAh大电池,120Hz高刷屏!iQOO京选好物！",2万+条评价,iQOO京东官方自营旗舰店
￥3499.00,"小米11 5G 骁龙888 2K AMOLED四曲面柔性屏 1亿像素 55W有线闪充 50W无线闪充 8GB+128GB 黑色 手机
【白条24期免息】四曲面柔性屏,1亿像素【点击抢购小米10s】","去看二手
50万+条评价",小米京东自营旗舰店
￥2899.00,"realme 真我GT 大师探索版 120Hz三星AMOLED曲面屏 索尼IMX766传感器 骁龙870 雪山 8GB+128GB 双模5G手机 gt
【特惠200元！抢会员券再减50元！到手价2649元】下单享24期免息，加会员赠1000店铺积分！更多优惠",10万+条评价,realme真我京东自营旗舰店
￥1049.00,【999起】vivo iQOO U3x手机 5G游戏智能手机 90Hz大电池学生机 电竞手机 U3x 幻蓝 6+64G 官方标配[90天碎屏险],200+条评价,京东之家官方旗舰店
￥4699.00,"一加 OnePlus 9 Pro 5G旗舰2K+120Hz 柔性屏12GB+256GB 绿洲 骁龙888 65W快充 哈苏专业模式 超广角拍照手机
【12.12大牌狂欢】一加9Pro享12期免息，3899起，支持50W无线闪充，哈苏专业模式【抢1212元神券】","去看二手
10万+条评价",一加手机京东自营官方旗舰店
￥6299.00,"荣耀 Magic3 Pro 骁龙888Plus 6.76英寸超曲屏 多主摄计算摄影 66W有线50W无线双超级快充 12GB+256GB 亮黑色
【限时享12期免息】骁龙888PLUS处理器，多主摄融合计算摄影~查看店铺更多活动~",2万+条评价,荣耀京东自营旗舰店
￥4499.00,"京品手机	
vivo X60t Pro+ 12GB+256GB 深海蓝 5G手机 微云台双主摄 蔡司联合影像系统 5nm高通骁龙888旗舰芯片
【旗舰特惠，12G+256G超大内存，白条12期免息】，X70Pro+新品上市》","去看二手
2万+条评价",vivo京东自营官方旗舰店
￥4999.00,"荣耀 Magic3 骁龙888 6.76英寸超曲屏 多主摄计算摄影 66W超级快充 4600mAh大电池 全网通版 8GB+256GB亮黑色
【限时享12期免息】骁龙888处理器，多主摄融合计算摄影~查看店铺更多活动~",2万+条评价,荣耀京东自营旗舰店
￥1899.00,"OPPO K9s 8+128GB 幻紫流沙 骁龙778G 120Hz电竞屏 5000mAh长续航 6400万人像三摄 游戏拍照 5G手机
【12月5日，优惠100元，店铺会员优惠10元到手1789元丨限时赠原厂耳机丨以旧换新至高补贴800元】
【K9Pro至高优惠210元】",2万+条评价,OPPO京东自营官方旗舰店
￥5678.00,【当日发】Apple 苹果iPhone 13 (A2634) 5G手机 午夜色 128GB,2万+条评价,疆界互联旗舰店
￥2999.00,"京品手机	
realme 真我GT 骁龙888 120Hz屏幕 65W闪充 12GB+256GB 曙光 5g手机
【特惠700元！到手价2699元】下单享6期免息，加会员赠1000店铺积分！更多优惠","去看二手
10万+条评价",realme真我京东自营旗舰店
￥919.00,"荣耀play5T活力版4G手机 大电池长续航老年人学生备用机 极光蓝 【官方标配】 6GB+128GB
【京东物流极速达】官网直降，送季度碎屏险+运费险+店铺延保一年！22.5W超级快充、5000毫安大电池，",2万+条评价,京联通达旗舰店
￥5199.00,"Apple iPhone 13 mini (A2629) 128GB 星光色 手机 支持移动联通电信5G 
【限时特惠】3-6号购机享12期免息。PLUS会员专享购机赠1年期AppleCare+服务！选购[快充套装]加9元得20W快充头！更多优惠！",5万+条评价,Apple产品京东自营旗舰店
￥1999.00,"小米11青春版 骁龙780G处理器  AMOLED柔性直屏 8GB+128GB 冰峰黑提  5G时尚手机
【小米青春白条24期免息】AMOLED柔性直屏,赠送原装33W手机充电器【点击抢购小米10s】","去看二手
10万+条评价",小米京东自营旗舰店
￥1599.00,"realme 真我Q3s 骁龙778G 5G 144Hz变帧屏 5000mAh大电池 6+128GB 星云色 5G手机
【新品热销】加会员赠1000店铺积分！更多优惠",1万+条评价,realme真我京东自营旗舰店
￥3299.01,【12期白条免息】荣耀60 5G新品手机 1亿像素超清摄影 高通骁龙778G 荣耀50升级版 墨玉青 12+256G（30元晒单红包） 官方标配（90天碎屏险）,0条评价条评价,京东之家官方旗舰店
￥5599.00,"Apple iPhone 13 (A2634) 128GB 蓝色 支持移动联通电信5G 双卡双待手机【赠大王卡首月免月租】
【限时特惠】3-5号限量抢购，到手价低至5599元！下单可享中国联通大王卡，月租19元，下单首月免月租，更有月享专属流量，数量有限赠完即止！",5万+条评价,中国联通京东自营旗舰店
￥1799.00,"摩托罗拉 motorola edge s 8GB+256GB 骁龙870 6400万超广角前后六摄 5000mAh电池 5G新锐旗舰手机 翡色琉光
【摩力特惠1000，到手价1799元】增强型LPDDR5+UFS3.1性能铁三角，多屏桌面级操控，游戏办公强，moto新机12月9日19:30发布会见",5万+条评价,摩托罗拉手机京东自营官方旗舰店
￥2199.00,"荣耀50 SE 1亿像素超清影像 5G 6.78英寸全视屏 66W超级快充 全网通版 8GB+128GB流光幻镜
1亿像素超清影像，一站式Vlog视频拍摄体验,120Hz智能高刷屏~荣耀60新品上市！","去看二手
5万+条评价",荣耀京东自营旗舰店
￥699.00,"酷派COOL20 4800万像素 八核旗舰处理器 伯爵黑 4GB+64GB 双卡双待 大电池智能游戏手机
酷派COOL20Pro影音神器上市【限时直降200元】下单赠33W快充头，晒单赠爱奇艺会员【立即抢购》】",1万+条评价,酷派京东自营旗舰店
￥3769.00,"一加 9RT 5G 120Hz 高刷好屏12GB+256GB 青空结界 高通骁龙888 65T快充 原神专业超广角拍照游戏手机
【超级买家秀】一加9RT现参与评价集赞赢一加9RT新机！更有一加手表&耳机京豆等你来抢！【下单享12期免息】",2万+条评价,一加手机京东自营官方旗舰店
￥499.00,天语Y9 幻彩玻璃机身智能手机 6.26英寸高清水滴全面屏游戏拍照老人学生4G全网通手机 烟雨绿 32GB,1000+条评价条评价,京成手机专营店
￥1299.00,"京品手机	
Redmi Note 9 5G 天玑800U  18W快充 4800万超清三摄 云墨灰 8GB+128GB 智能手机 小米 红米
【品质好物】4800万超清三摄，天玑800U《点击抢购note11pro》",100万+条评价,小米京东自营旗舰店
￥6499.00,"OPPO Find X3 Pro 摄影师版 16+512GB 银黑 5000万双主摄IMX766 骁龙888 旗舰拍照 5G手机
【12月5日，摄影师版16+512GB到手6499元丨12期免息日付低至18.1元丨稀缺货源丨立即抢购】
【Reno7系列现货开售，立即抢购】",2万+条评价,OPPO京东自营官方旗舰店
￥5678.00,"Apple/苹果 iPhone 13 (A2634)  全网通 5G手机 蓝色 全网通 128G【官方标配】
【国行正品，全新未拆封未激活】晒单享好礼！下单即赠PD快充+90天碎屏险+壳膜套装！选购年卡碎屏服务更优~",2万+条评价,酷族数码旗舰店
￥1499.00,"荣耀X20 SE 6400万高清AI三摄 6.6英寸超窄边全视屏 22.5W超级快充长续航 全网通版 6GB+128GB幻夜黑
【限时优惠400元】6400万高清AI三摄，超窄边全视屏~查看店铺更多活动~",5万+条评价,荣耀京东自营旗舰店
￥1499.00,"vivo iQOO U3x双模5g 5000mAh大电池 90Hz竞速屏骁龙480全网通智能手机 8GB 128GB雅灰 官方标配
12月6日购机至高省250，6+64G到手价949，8+128G到手价1299！会员购机赠耳机+学生购机赠闪充手游线+直播间购机再赠豪礼！",2万+条评价,iQOO官方旗舰店
￥3299.01,【12期白条免息】荣耀60 5G新品手机 1亿像素超清摄影 高通骁龙778G 荣耀50升级版 墨玉青 12+256G（30元晒单红包） 官方标配（90天碎屏险）,0条评价,京东之家官方旗舰店
￥2699.00,"realme 真我GT Neo2 骁龙870 120Hz旗舰屏 5000mAh大电池 65W闪充 8+256GB 影黑 5G手机
【特惠100元！抢会员券再减50元！到手价2549元】下单享24期免息，加会员赠1000店铺积分！更多优惠",2万+条评价,realme真我京东自营旗舰店
￥7999.00,"荣耀 Magic3 至臻版 多主摄计算摄影 骁龙888Plus 6.76英寸超曲屏 纳米微晶面板 12GB+512GB 陶瓷黑
【至尊旗舰，限时12期免息】骁龙888PLUS处理器，多主摄融合计算摄影~查看店铺更多活动~",5000+条评价,荣耀京东自营旗舰店
￥799.00,"Redmi 9 大字体大音量大内存 全场景AI四摄 高性能游戏芯 4GB+64GB 霓虹蓝 智能手机 小米 红米
【品质好物】5020mAh大电量，1080P高清护眼大屏，AI四摄【9A128G大内存，请戳】",50万+条评价,小米京东自营旗舰店
￥3299.00,"黑鲨4S 12GB+256GB 玄黑 磁动力升降肩键 120W极速闪充 高通骁龙870 三星144Hz电竞屏 鲨鲨酱 5G游戏手机
【购机尊享白条12期免息】黑鲨4SPro至高优惠300元，更多特惠活动请戳查看！",1万+条评价,黑鲨京东自营官方旗舰店
￥1499.00,"OPPO A32 90Hz护眼灵点屏 5000mAh超大电池 长续航 18W疾速快充  全面屏拍照视频游戏手机 8GB+128GB 幻想蓝
【12月5日，优惠100元到手价1399元丨以旧换新至高补贴800元】
【K9至高优惠210元】","去看二手
10万+条评价",OPPO京东自营官方旗舰店
￥499.00,天语Y9 幻彩玻璃机身智能手机 6.26英寸高清水滴全面屏游戏拍照老人学生4G全网通手机 烟雨绿 32GB,1000+条评价,京成手机专营店
"￥2198.00

￥1998.00","ZTE 中兴Axon 30全新一代屏下摄像手机 AMOLED 120HZ屏 8GB+128GB 黑曜 骁龙870 55W快充A30屏下游戏双5G手机
12月1日-12月15日,特惠300,到手价2198,6400万四摄真全面屏|轻薄机身|白条3期免息|晒单赢30元咚咚红包.点击购买",1万+条评价,中兴京东自营官方旗舰店
￥3299.00,"vivo X60 12G+256G 华彩 5G手机 专业影像旗舰 蔡司光学镜头 三星5nm旗舰芯片 超稳微云台 夜色更精彩
【特惠200，狂欢价3299，6期免息+PLUS赠vivo双肩包+以旧换新全场至高补贴600】，X70至高省500》","去看二手
10万+条评价",vivo京东自营官方旗舰店
￥596.00,"【现货速发】小米 红米9A Redmi 9A 5000mAh大电量 智能老人手机大音量 智能手机 砂石黑 4G+64GB
【现货速发】小米 红米9A Redmi 9A 5000mAh大电量 智能老人手机大音量 智能手机 砂石黑 4G+64GB",5万+条评价,头号卖家旗舰店
￥1799.00,"realme 真我Q3 Pro天玑1100 6400万三摄 30W智慧闪充 仅179g 萤火虫 8GB+128GB realmeq3Pro双模5G手机
【真我新品Q3s#至高省200元#会员到手价1449元起】加会员赠1000店铺积分！更多优惠(此商品不参加上述活动)",5万+条评价,realme真我京东自营旗舰店
￥6999.00,"MIX FOLD 小米折叠屏手机 5G 2K+折叠屏 骁龙888 一亿像素 哈曼卡顿立体声四扬声器 12GB+256GB 黑色手机
【享白条24期免息】全新定制MIUIFOLD系统,大屏适配4000个主流APP【点击抢购小米10s】","去看二手
1万+条评价",小米京东自营旗舰店
￥2099.00,vivo iQOO Z5【斗罗大陆礼盒】骁龙778G 5000mAh长续航 120Hz高刷 双模5G全网通手机  8GB+256GB 蓝色起源,5万+条评价,iQOO京东官方自营旗舰店
￥1799.00,"OPPO A93s 8+256GB 白桃汽水 双模5G 超大存储 5000mAh大电池 18W双芯快充 90Hz高刷屏  全面屏手机
【12月5日，A93s限时享3期免息丨赠OPPO原厂耳机丨以旧换新至高补贴800元】
【K9至高优惠210元】",1万+条评价,OPPO京东自营官方旗舰店
￥1499.00,"荣耀X10 全网通5G手机 支持升级鸿蒙HarmonyOS系统 竞速蓝 8GB+128GB 官方标配
【现货当天发】买就送品质音乐耳机+专用钢化膜；【全国联保/一年质保/电子发票】晒单评价送蓝牙耳机；【热卖推荐】荣耀X20全网通5G手机",5000+条评价,一佳手机专营店
￥1199.00,"Redmi Note 10 5G 天玑700 6.5英寸FHD+高清屏 18W快充 星云灰 6GB+128GB 智能手机 小米 红米
【北京移动用户专享】承诺在网，立享100元优惠，再送60GB流量《请戳》",20万+条评价,小米京东自营旗舰店
￥4799.00,"vivo X70 Pro 12GB+512GB 至黑 5G手机 蔡司光学镜头 大底微云台主摄 专业影像芯片V1 高跑分旗舰芯片
【新品首降500，狂欢价4799，白条12期免息+PLUS赠无线影音耳机+以旧换新全场至高补贴600】，X70Pro+新品上市》",1万+条评价,vivo京东自营官方旗舰店
￥2699.00,"华为nova9 新品手机 9号色 8+128G全网通（66W充电套装）
【现货当天发】华为官方直供，全国联保【赠】66W充电套装（非原装）+蓝牙耳机+碎屏险+液态硅胶壳+精美贴膜+30元晒单红包等",5000+条评价,炜东电商旗舰店
￥3799.00,三星 SAMSUNG Galaxy S21 5G 5G手机 骁龙888 超高清摄像 120Hz护目屏  8G+128G 墨影灰,10万+条评价,三星京东自营官方旗舰店
￥229.00,"诺基亚（NOKIA）105 4G 移动联通电信三网4G 蓝色  双卡双待 老人老年手机 学生备用 语音播报 支持移动支付
关注店铺即享粉丝价",10万+条评价,诺基亚手机京东自营旗舰店
￥4199.00,"OPPO Reno6 Pro+ 12+256GB 夏日晴海 5000万四摄 索尼IMX766 骁龙870 旗舰拍照 5G手机
【12月5日，限时享6期免息丨以旧换新至高补贴800元】
【Reno7系列现货开售，立即抢购】",1万+条评价,OPPO京东自营官方旗舰店
￥9399.00,"三星 SAMSUNG Galaxy S21 Ultra 5G 5G手机 骁龙888 1.08亿像素 120Hz 支持Spen 16G+512G幽夜黑
【限时优惠1300元！到手价9399元】三星热销爆品速戳","去看二手
2万+条评价",三星京东自营官方旗舰店
￥2399.00,"荣耀X30 Max 7.09英寸护眼阳光屏 5000mAh大电池 立体声双扬声器 8G+128G 幻夜黑
【限量赠送AM115耳机】5G大屏手机，5000mAh大电池超长续航~查看店铺更多活动~",5000+条评价,荣耀京东自营旗舰店
￥2499.00,"vivo S10 5G手机 8GB+128GB 绮光焕彩 超轻薄机身 前置4400万自然柔光人像 光致变色工艺 6nm旗舰芯片
【特惠300，狂欢价2499，白条6期免息+PLUS赠无线影音耳机+以旧换新全场至高返600】T1至高省200》",2万+条评价,vivo京东自营官方旗舰店
￥7999.00,索尼（SONY）Xperia 1 III 智能5G 摄影拍照手机 21:9 4K OLED屏 120Hz 骁龙888 微单技术 12GB+256GB夜烟黑,5000+条评价,SONY京东自营官方旗舰店
￥2999.00,"京品手机	
联想拯救者电竞手机2 Pro 12GB+256GB 骁龙888 双涡扇增压液冷  八指操控 144Hz定制三星E4屏 5G游戏手机 玄
【强芯巨惠400，到手价2999，享6期免息】晒单返20元E卡，质保两年，双涡扇增压液冷，八指操控！5500毫安电池，4400万主播前摄，超大16GB内存热卖中",2万+条评价,联想手机京东自营官方旗舰店
￥499.00,"天语P50pro智能手机幻彩玻璃机身6.2英寸水滴全面屏全网通4G双卡双待电信可用5G卡华为通用接口 海蓝 32GB
【新品现货】6.2英寸水滴全面屏，128G大内存，流光幻彩玻璃，Type-C华为通用接口，人脸识别解锁，应用多开，畅玩吃鸡王者",2000+条评价,金诚手机专营店
￥1499.00,"vivo Y70t 5G手机 8G+128GB 碧海蓝 4500mAh大电池 双引擎闪充 4800万后置三摄 双模5G全网通手机
【特惠200，狂欢价1499，以旧换新全场至高返600】，T1至高省200》",10万+条评价,vivo京东自营官方旗舰店
￥1999.00,"华为（HUAWEI）nova 8 se 活力版手机  6.6英寸无界全视屏 40W超级充电 冰霜银 8GB+128GB 4G全网通
4800万高感光三摄，40W华为超级快充，6.6英寸屏，直播间下单赠送豪礼！【nova8起售价3699】",2000+条评价,京合旗舰店
￥596.00,"小米红米9A Redmi智能老人手机 4G+64G 晴空蓝 官网标配
【小米直供|现货速发】大屏幕+大字体+5000毫安大电池+1300万AI相机+八核处理器+运费险【红米Note10新品上市】",5万+条评价,疆界互联旗舰店
￥2199.00,小米Redmi红米K40 5G游戏手机 全网通 5G手机 12G+256G 亮黑 套装一：【官方标配】,5000+条评价,酷族数码旗舰店
￥5688.00,"Apple苹果13 iPhone 13 (A2634)  5G手机 午夜色 128G
【iPhone13新品上市，全新国行，正品保证】
购机赠送快充头+壳膜套装+运费险+积极评价返20元红包+全国联保！点击购买苹果13pro",1万+条评价,掌视界数码旗舰店
￥4999.00,"魅族 18 Pro 8GB+128GB 飞雪流光 骁龙888 2K AMOLED曲面屏 4400W前摄光学防抖 40W无线超充 旗舰5G手机
【限时抢购】【直降1200，到手3799】【享12期免息】
【骁龙888|6.7英寸屏幕|AR全场景大师影像系统】
【晒单有礼】赢20元京豆!",2万+条评价,魅族京东自营旗舰店
"￥2498.00

￥2298.00","中兴Axon 30Pro 6400万双主摄 120HZ屏 8GB+128GB 曜石黑 骁龙888 55W快充 A30Pro拍照游戏5G手机
12月1日-12月15日,特惠800,到手价2498,骁龙888+UFS3.1+LPDDR5,轻薄美的影像旗舰|晒单赢30元咚咚红包|白条3期免息.点击购买",5000+条评价,中兴京东自营官方旗舰店
￥2899.00,"荣耀50 5G新品【荣耀60店内可选】旗舰手机 初雪水晶 8GB+256GB
直播间领30元优惠券和额外礼品，全国联保，现货速发，关注加赠15选1，晒单评价返10红包！【荣耀60火爆预定】2699起",1万+条评价,京合旗舰店
￥1079.00,"荣耀Play5T手机 全网通4G版 5000mAh大电池 6.5英寸大屏 Play5T 极光蓝 8GB+128GB
【JD七仓直发·货票同行】6.5英寸高清护眼屏，1300万AI高清双摄，超长续航，后置指纹人脸识别双解锁店长推荐",2000+条评价,众盛手机专营店
￥3999.01,荣耀60 Pro 新品5G手机 荣耀手机 幻境星空 12G+256G,0条评价,掌视界数码旗舰店
￥2699.00,"OPPO Reno7 8+128GB 星雨心愿 星雨光刻工艺 前置索尼 IMX709 超感光猫眼镜头 高通骁龙778G 5G手机 
【12月5日，享24期免息，赠原厂无线耳机，晒单至高赢100元京豆，以旧换新至高补贴800元丨现货开售，立即抢购】
【Reno7Pro享24期免息，立即查看】",500+条评价,OPPO京东自营官方旗舰店
￥3899.00,"HUAWEI nova 9 Pro 4G全网通 双3200万前置Vlog镜头 100W超级快充 10亿色臻彩屏 8+256GB 9号色华为手机
双3200万前置Vlog镜头,100W超级快充,10亿色臻彩屏,速来抢购；华为手机热销爆款，限量抢购，猛戳》》》",2万+条评价,华为京东自营官方旗舰店
￥2899.00,"小米 Civi 3200万双柔光自拍120Hz曲面原色屏 4500mAh大电量 立体双扬声器丝绒AG工艺 5G手机 8G+256GB  粉色
【小米civi白条24期免息】新一代自拍神器，轻薄好手感，4500mAH大电量,赠55W手机充电器【点击抢购小米10s】",2万+条评价,小米京东自营旗舰店
￥2399.00,"三星 Galaxy A52 5G 双模5G 120Hz全视屏 6400万后置超清四摄  8+128GB 游戏手机 波波黑
【限时优惠600元！到手价2399元】三星热销爆品速戳","去看二手
2万+条评价",三星京东自营官方旗舰店
￥899.00,"【优惠100至799起！】OPPO A32新品手机A11同系大电池千元拍照游戏智能视频拍照大电池手机 幻想蓝 4GB+64GB
Reno7系列新品上市！享24期免息，日付低至3.7元！加赠299元EncoAir耳机丨前200加19.9元换购流星宝藏礼盒！晒单至高赢100元E卡！",1万+条评价,OPPO官方直营旗舰店
￥3399.00,英国克里特M7高端轻奢商务智能手机新品6000mAh电池超长待机7.2英寸全面大屏 鳄鱼纹黑色 8+256GB,500+条评价,克里特KRETA手机官方旗舰店
￥599.00,"Redmi 9A 5000mAh大电量 1300万AI相机 八核处理器 手机红米小米 砂石黑 4GB+64GB
【Note11-4G新品发售】高性价比4G手机，买赠99元定制双肩包！戳我抢购~",2万+条评价,小米手机官方旗舰店
￥459.00,"纽曼（Newman）X13 pro智能手机旗舰机华为HMS 可用5G移动联通电信卡老人学生价便宜手机 深海蓝【32G】
【正品保障】官方授权丨365天质保丨售后无忧丨品质保障———【核心卖点】128G内存丨老人简易模式丨华为HMS丨应用多开—【店长推荐】更多好物等您抢购",2000+条评价,纽曼手机旗舰店
￥5939.00,"三星 SAMSUNG Galaxy S21+ 5G 5G手机 骁龙888 超高清摄像 120Hz护目屏 游戏手机 8G+256G 幽夜黑
【限时优惠2000元！到手价5999元】三星热销爆品速戳","去看二手
1万+条评价",三星京东自营官方旗舰店
￥1199.00,"到手价969起！OPPO A11s新品手机5000mAh超大电池90Hz护眼屏轻薄智能拍照手机闪充 梦幻白 8GB+128GB
Reno7系列新品上市！享24期免息，日付低至3.7元！加赠299元EncoAir耳机丨前200加19.9元换购流星宝藏礼盒！晒单至高赢100元E卡！",2000+条评价,OPPO官方直营旗舰店
￥3598.00,"vivo iQOO 7 双模5G 骁龙888 120W超快闪充 120Hz全感屏 电竞游戏智能手机 传奇 12GB 256GB
12月6日下单至高省900，8+128G到手2898，12+256G到手3298，购机免费入会赠耳机+学生购机赠闪充手游线",2万+条评价,iQOO官方旗舰店
￥10999.00,索尼（SONY）Xperia PRO-I 智能5G 摄影拍照手机 21:9 4K OLED屏 120Hz 骁龙888 微单技术 12GB+512GB黑色,0条评价,SONY京东自营官方旗舰店
￥3299.00,"京品手机	
一加 OnePlus 9 5G 120Hz 柔性屏12GB+256GB 鲸蓝 骁龙888 65W快充 哈苏专业模式 超广角拍照游戏手机
【12.12大牌狂欢】一加9，到手价2899起，65W闪充，哈苏专业模式，两年质保【抢1212元神券】","去看二手
10万+条评价",一加手机京东自营官方旗舰店
￥2299.00,"vivo iQOO Neo5活力版 高通骁龙870 144Hz竞速屏 44W闪充 电竞游戏5G手机 8GB+128GB冰峰白 官方标配
12月6日下单至高省400元，8+128G到手价1899，8+256G到手价2099，购机免费入会赠耳机+直播间购机再赠豪礼",2万+条评价,iQOO官方旗舰店
￥1579.00,"【华为智选】 nzone s7pro\\\/S7Pro+可选 全网通5G手机 s7pro优雅黑 全网通5G (8+128G)+送90天碎屏险
【Nzone官方直供授权】6400万超清三摄，40W快充，6.6英寸高清大屏【赠】10元晒单红包+碎屏险+2年保修+运费险等",200+条评价,冰之凯盛手机旗舰店
￥599.00,"诺基亚 NOKIA 2720 移动联通电信三网4G 黑色 双卡双待  翻盖手机 wifi热点备用手机 老人老年手机 学生手机
限时免费加入会员赚积分赢好礼。[点击左下角店铺——再点击右下角品牌会员——加入]戳一下购买爆款新品215支付版》》》",5万+条评价,诺基亚手机京东自营旗舰店
￥1999.00,"华为 HUAWEI 畅享20 Pro 天玑800 5G SoC芯片4800万高感光夜拍22.5W超级快充6GB+128GB幻夜黑5G双模全网通
华为（HUAWEI） 畅享20 Pro","去看二手
5万+条评价",华为京东自营官方旗舰店
￥699.00,"守护宝（上海中兴）S12Pro智能手机6.5英寸高清水滴全面大屏全网通4G双卡双待学生便宜老人机5 深海蓝 128GB
【新品现货当天发】6.5英寸水滴全面屏，256G大内存，流光幻彩玻璃，Type-C华为通用接口，人脸识别解锁，应用多开，畅玩吃鸡王者",1万+条评价,极客小酷旗舰店
￥699.00,"诺基亚（NOKIA）C20 Plus 海洋蓝 双卡双待 移动联通电信三网4G智能手机 全面屏 大字体 大音量 老人老年机
加入店铺会员即享会员价",5万+条评价,诺基亚手机京东自营旗舰店
￥4999.00,"ROG游戏手机5s 16GB+256GB 暗影黑 骁龙888plus 144Hz三星E4屏 2x3双操控肩键 6000mAh电池 5G ROG5s
【暖冬购机福利】购机参与活动赠降临2耳机，晒单赢50元E卡，享腾讯游戏专属购机礼包（王者头像框等），了解更多",5000+条评价,玩家国度ROG京东自营官方旗舰店
￥1069.00,"荣耀play5T 5000mAh大电池 22.5w闪充 6.5英寸护眼屏 新品手机 幻夜黑8G+128G 全网通
【荣耀官方直供】play5t现货当日发5000mAh大电池/高清四摄：赠高品质音乐耳机+一年质保+全国联保荣耀play5t活力版限时优惠到手价935！",5000+条评价,疆界互联旗舰店
￥1199.00,"京品手机	
OPPO A72 双模5G 90Hz灵点屏 大电池 18W快充 后置三摄AI美颜拍照视频手机 4GB+128GB 氧气紫
【12月5日限时优惠50元到手1149元丨以旧换新至高补贴800元】双模5G
【K9至高优惠210元】","去看二手
20万+条评价",OPPO京东自营官方旗舰店
￥1199.00,"【969起+晒单20】OPPO A11s 手机新款oppoa11s大电池 a8a32升级款a11s 梦幻白 (8G+128G)【咨询有礼】 官方标配【晒单20+2年保修】
【限时直降30！套装直降130，低至969起！】送蓝牙耳机+39元换购碎屏险+晒单20红包+1年全国联保+1年延保+原装配件+运费险！爆款A93s",2000+条评价,OPPO手机乐良专卖店
￥5999.00,三星 SAMSUNG Galaxy Note20 Ultra 5G 5G手机 S Pen&三星笔记 120Hz   12GB+256GB 初露白,5万+条评价,三星京东自营官方旗舰店
￥1599.00,"vivo Y53s (t2版) 5G手机 8GB+128GB 虹彩 5000mAh大电池 6400万超清主摄 90Hz高刷屏 双模5G全网通手机
【特惠200，狂欢1599，3期免息+PLUS赠XE710耳机+以旧换新全场至高返600】Y76s新品上市》",2万+条评价,vivo京东自营官方旗舰店
￥999.00,"华为 HUAWEI 畅享 10e 6.3英寸大屏幕1300万像素后置双摄 5000mAh大电池4GB+64GB珍珠白全网通4G手机
华为（HUAWEI） 畅享 10e","去看二手
20万+条评价",华为京东自营官方旗舰店
￥2699.00,"努比亚 nubia 腾讯红魔6R游戏手机 8GB+128GB幻影黑144Hz屏幕刷新率 骁龙888双触控肩键 5G电竞手机
【购机福利】臻享白条6期免息！送腾讯游戏大礼包！更多请戳",1万+条评价,努比亚京东自营旗舰店
￥399.00,"天语（K-Touch）K30 智能老人手机  4G全网通 超长待机 双卡双待 移动联通电信 学生备用老年人手机 黑色
【自营精选/一年内只换不修】老人模式大图标大声音，脸谱通讯录，广场舞大音量，5.5英寸高清大屏，语音播报，人脸解锁！",2000+条评价,天语手机京东自营官方旗舰店
￥2689.00,"华为nova9 新品手机【华为nova9pro店内可选】 9号色【官方标配】 8G+128G全网通
华为官方直供，现货速发【赠】非华为原装充电器+智能无线蓝牙耳机+原厂碎屏险+品质保护壳+精美贴膜+晒单红包+2年保修+运费险华为nova9pro爆款抢购",2000+条评价,疆界互联旗舰店
￥2699.00,【24期免息】OPPO Reno7新品上市opporeno7手机正品5G Reno7星夜黑(128+8),1条评价,OPPO品速专卖店
￥2499.00,"Redmi K40 5G游戏手机旗舰骁龙870 三星AMOLED 120Hz高刷屏智能手机红米小米 幻境 12GB+256GB
【Note11-4G新品发售】高性价比4G手机，买赠99元定制双肩包！戳我抢购~",2万+条评价,小米手机官方旗舰店
￥1649.00,"vivo T1x 5G手机 8GB+128GB 虹彩 天玑900 5000mAh大电池 44W闪充 6400万超清影像 双模5G全网通手机
【特惠150，狂欢价1649，3期免息+PLUS赠XE710耳机】【疾速快充+超长续航+潮流外观】T1至高省200》",5000+条评价,vivo京东自营官方旗舰店
￥779.00,"飞利浦（PHILIPS ）PH2 智能手机 AG磨砂玻璃机身 4GB+128GB 6.2英寸水滴全面屏 学生老人华为HMS生态 海天蓝
飞利浦PHILIPS世界品牌500强企业，2021年度首发新品智能手机上市，1年内质量故障以换代修，真诚、用心、专注、服务用户",200+条评价,飞利浦手机京东自营旗舰店
"￥2999.00

￥2699.00","荣耀V40轻奢版 5G 超级快充 6400万超清四摄 8GB+128GB钛空银 移动联通电信5G 双卡双待手机
内搭66W超级快充适配器，10亿色彩展示屏幕~查看店铺更多活动~",10万+条评价,荣耀京东自营旗舰店
￥499.00,"朵唯（DOOV）X12pro max智能手机八核水滴全面屏长续航游戏老年老人学生双卡双待手机 极光蓝（64GB）
【新品上市，顺丰速发】下单赠多重好礼！人脸识别，水滴全面屏，128GB大内存，华为HMS生态。新品上市，朵唯X12promax底价开售！",1万+条评价,移联翼手机旗舰店
￥2999.00,Hi nova 9 5G全网通 120Hz高刷 后置5000万超感光主摄 66W超级快充 8+128GB梦幻罗兰手机 标配无充,0条评价,Hi nova京东自营旗舰店
￥546.00,"朵唯（DOOV）D13 Pro 4G智能老人手机 超薄百元拍照便宜学生手机 双卡双待全网通 64GB大图标大字体  青空蓝
5.7英寸水滴全面屏、128GB大内存、红外人脸+指纹识别、1600万后置双摄、FM收音机、应用八开、华为HMS",2000+条评价,朵唯手机京东自营旗舰店
￥229.00,"诺基亚（NOKIA）105 4G 移动联通电信三网4G 黑色 双卡双待 老人老年手机 学生备用机 语音播报 支持移动支付
关注店铺即享粉丝价",5万+条评价,诺基亚手机京东自营旗舰店
￥7999.00,"三星 SAMSUNG Galaxy Z Flip3 5G 折叠屏 双模5G手机 立式交互 IPX8防水 8GB+256GB米色 月光香槟
【享24期免息+赠7天无忧试用&随心用】三星热销爆品速戳",1万+条评价,三星京东自营官方旗舰店
￥17499.00,"【搭载HarmonyOS 2】华为 HUAWEI Mate X2 4G 全网通 麒麟9000旗舰芯片 无缝鹰翼折叠 超感知徕卡四摄支持100倍双目变焦256GB亮黑色手机
【华为mateX2】麒麟9000旗舰芯片，无缝鹰翼折叠，超感知徕卡四摄支持100倍双目变焦；华为手机热销爆款，限量抢购，猛戳》》》",2万+条评价,华为京东自营官方旗舰店
￥129.00,"诺基亚（NOKIA）105 新 黑色 直板按键 移动2G手机 老人老年手机 学生备用功能机 超长待机
关注店铺即享粉丝价",50万+条评价,诺基亚手机京东自营旗舰店
￥1599.00,vivo Y53s (t2版) 5G手机 5000mAh大电池 6400万超清主摄 90Hz高刷屏 虹彩 8+128GB 标配版,1000+条评价,头号卖家旗舰店
￥2999.00,"vivo iQOO Neo5手机5G【6期免息+碎屏险】骁龙870闪充电竞游戏iqooneo5手机 夜影黑12G 256G  全网通
【12.12开门红，下单至高省200】享6期免息+抽奖赢礼+赠蓝牙耳机+蓝牙音箱+随机盲盒+碎屏/后盖险+联保+晒单+老客礼！8+256版本低至2699起！",1万+条评价,iQOO兰珊专卖店
￥1299.00,"vivo Y70t 5G手机 4500mAh大电池 双引擎闪充 4800万后置三摄 双模5G全网通 碧海蓝 6+128GB 标配版
【12.1特惠200，狂欢价1299，6期免息+赠一年延保+赠XE900耳机》套装加赠移动电源+1年碎屏险+后盖险！y71t-12期免息",5000+条评价,头号卖家旗舰店
￥589.00,"金立（Gionee）F6Pro 八核智能手机128G极光玻璃机身全网通4G学生电信全面屏超薄老人手机双卡双待 雾光金
【签收后联系客服送：蓝牙耳机】【金品质，立天下】128G大内存，极光幻彩玻璃，3000毫安Type-C接口，人脸+指纹解锁，应用多开",500+条评价,金立手机京东自营旗舰店
￥789.00,"小米 红米9A Redmi9A 智能学生老人手机 晴空蓝 4GB+128GB【官方标配】
小米 红米9A Redmi9A 智能学生老人手机 晴空蓝 4GB+128GB【官方标配】",2万+条评价,酷族数码旗舰店
￥1899.00,"荣耀50 SE 1亿像素清影像 5G手机【6期免息】 流光幻镜 8GB+128GB
【下单送】90天碎屏险+钢化膜+保护壳+晒单10元+运费险+全国联保：白条6期免息荣耀50直降200元起",2000+条评价,微炫数码旗舰店
￥2699.00,vivo X60 5G手机 蔡司光学镜头 微云台黑光夜视2.0 三星5nm旗舰芯片 双模5G全网通 华彩 8GB+128GB 标配版,5000+条评价,头号卖家旗舰店
￥8788.00,"柔宇ROYOLE FlexPai 2 新一代5G双模折叠屏手机 骁龙865旗舰四摄 柔派2 曜夜黑 8GB+256GB
柔宇ROYOLE FlexPai 2 新一代5G双模折叠屏手机 骁龙865旗舰四摄 柔派2 曜夜黑 8GB+256GB","去看二手
2000+条评价",柔宇（ROYOLE）折叠屏手机京东自营旗舰店
￥4699.00,"努比亚 nubia 腾讯红魔6Spro 12GB+256GB氘锋透明版165Hz刷新率骁龙888plus 120W快充 6S pro5G电竞游戏手机
【购机福利】限时秒杀立省200元！
【分期免息】臻享白条12期免息！更多请戳",1万+条评价,努比亚京东自营旗舰店
￥1799.00,"OPPO Reno4 SE 8+128GB 超闪白 65W超级闪充 3200万前置自拍 轻薄外观 拍照 5G手机
【12月5日优惠300元，店铺会员叠加优惠10元到手价1589元丨以旧换新至高补贴800元】
【Reno6享12期免息】","去看二手
10万+条评价",OPPO京东自营官方旗舰店
￥1269.00,"小米 红米note11 新品5G手机 神秘黑镜 6+128GB 全网通
【当天发货】5000mAh大电池，33Wpro快充，立体双扬声器
【赠】碎屏险+蓝牙耳机+壳膜+2年保修+晒单红包+运费险等",1000+条评价,炜东电商旗舰店
￥1899.00,"小米（MI）Redmi Note10 Pro 天玑1100旗舰芯 67W闪充 红米游戏手机 8GB+128GB幻青【移动用户专享优惠】
【限时促销】红米Note10Pro，6+128GB合约购机到手1349元，立省350元。【移动用户专享】点击",1万+条评价,中国移动官方旗舰店
￥1499.00,小米 红米Note11 5G 新品Redmi智能手机 8G+128G 神秘黑境 套装一：【官方标配】,500+条评价,酷族数码旗舰店
￥2999.00,"vivo iQOO Neo5手机5G【6期免息+碎屏险】骁龙870闪充电竞游戏iqooneo5手机 夜影黑12G 256G  全网通
【12.12开门红，下单至高省200】享6期免息+抽奖赢礼+赠蓝牙耳机+蓝牙音箱+随机盲盒+碎屏/后盖险+联保+晒单+老客礼！8+256版本低至2699起！",1万+条评价,iQOO兰珊专卖店
￥3699.00,"魅族 18s 8GB+128GB 独角兽EVO 5G 骁龙888+ 36W超充 6.2英寸2K曲面屏 6400W高清三摄光学防抖 拍照手机
【补贴200，到手3499】【享12期免息】【学生购机更优惠】
【骁龙888+|162g轻妙手感】【晒单有礼】赢50元京豆！",5000+条评价,魅族京东自营旗舰店
￥2269.00,"Redmi Note 11 Pro+ 5G智能手机120W充电1亿像素天玑920液冷游戏芯小米红米 迷雾森林 8GB+256GB
【Note11-4G新品发售】高性价比4G手机，买赠99元定制双肩包！戳我抢购~",2000+条评价,小米手机官方旗舰店
￥2999.00,"vivo S10 Pro 5G手机 自然柔光人像光致变色工艺 拍照手机 萤石黑12G 256G 全网通
【12期免息！京东/顺丰速发！全国联保！】购机赠扫地机器人+半年碎屏险！
【1亿超清主摄，自拍5G旗舰机】X70购机赠好礼",2000+条评价,兰珊手机旗舰店
￥1269.00,"小米 红米Note11 5G 新品Redmi智能手机 6G+128G 神秘黑境 官方标配【碎屏险+晒单有礼】
【小米直供现货！速发！】下单立减！加赠：90天手机碎屏险+高品质耳机+高清钢化膜+运费险！【Note11-pro限时直降】",1000+条评价,疆界互联旗舰店
￥3799.00,Hi nova 9 Pro 5G全网通 双3200万前置Vlog镜头 100W超级快充 10亿色原色屏 8+128GB 梦幻罗兰5G手机,0条评价,Hi nova京东自营旗舰店
￥2499.00,"华为nova7se 5G手机 【华为麒麟820芯片】 绮境森林 全网通8+128GB乐活版 碎屏套装
【华为直供，nova7se乐活版华为麒麟820e芯片，下单即赠90天原装碎屏宝】华为nova8se，1879元起》",2万+条评价,京联通达旗舰店
￥2299.00,"拍拍	
Apple iPhone XR 苹果xr二手手机 黑色【评价有礼】 128G
优惠持续进行中，95新128G苹果12低至4199，数量有限，快来抢购速戳",5万+条评价,拍拍严选官方旗舰店
￥3899.00,"vivo iQOO 8 Pro 5G手机【12期免息+碎屏险】骁龙888Plus独显2K曲面电竞手机 iQOO8传奇 12GB+256GB 【全网通标配版】
【立省450，低至3349起！学生可领专享券】享12期免息，运动手表+拍拍灯蓝牙音箱！120Hz高刷屏、独立显示芯片！全感操控iQOO8Pro戳我速抢",1000+条评价,iQOO智美专卖店
￥2989.00,"华为nova7麒麟985 5G手机 7号色 8+128GB全网通（碎屏险季卡）
【麒麟985芯，后置6400万变焦四摄，40w快充，4000毫安电池】下单即赠：现货当天发+90天碎屏险+运费险+一年延保+晒单红包，【华为nova7se】点此",1000+条评价,冰之凯盛手机旗舰店
￥399.00,"索爱（soaiy）M6 2GB+16GB全网通4G智能老年人手机双卡双待三防大字大声全面屏  幻夜黑
全网通4G智能手机/type-c快速充电/一键手电筒/老人桌面切换/支持语音播报/超长待机",2万+条评价,索爱（soaiy）手机京东自营旗舰店
￥1699.00,vivo iQOO Z3 8GB+128GB 深空 高通骁龙768G 55W闪充 120Hz高刷竞速屏 6400万三摄 双模5G全网通手机,50万+条评价,iQOO京东官方自营旗舰店
￥199.00,"飞利浦（PHILIPS）E506 星空黑 老人手机 移动联通电信三网4G 直板按键 儿童学生商务备用功能机4G 老年手机
【一年免费换新】新机上市！超高性价比！三网4G，畅享高清通话！纯净系统，为老人学生设计！语音播报！浮岛大按键/双灯手电/外放收音机》蓝色更精彩",2万+条评价,飞利浦手机京东自营旗舰店
￥899.00,"OPPO A32新品手机 【低至799+超值好礼】 大电量拍照美颜手机 oppoa32 幻想蓝 4+64G 全网通 【晒单返20】
【性价比之选】大屏大字体+5000大电池+90Hz护眼灵点屏！【抢购享福利】超值好礼+晒单红包+全国联保等",1万+条评价,OPPO优品专卖店
￥938.00,"荣耀play5t活力版-play5t 店内可选 4G手机 老年机 学生手机荣耀备用机 极光蓝6G+128G【活力版】 全网通
【荣耀官方直供】play5t活力版现货到手928，仅限今日！5000毫安大电池/原厂碎屏保季卡+运费险+全国联保+店铺续保play4tpro限时优惠",2000+条评价,疆界互联旗舰店
￥169.00,"飞利浦 PHILIPS E258S 移动/联通2G 宝石蓝 直板按键  老人机老人手机 老年功能手机学生手机功能机备用机
飞利浦大牌PHILIPS,E258S,双卡双待,一键解锁,亲情号,收音机,语音王,手电筒,电子书,老年手机,老年功能机",50万+条评价,
￥5299.00,"黑鲨4S Pro 16GB+512GB 星河黑 磁动力升降肩键 120W极速闪充 高通骁龙888Plus 三星144Hz电竞屏 5G游戏手机
【直降200元，到手价5299元，尊享白条12期免息+赠黑鲨充电宝】更多活动请戳查看！",2000+条评价,黑鲨京东自营官方旗舰店
￥2299.00,【12期免息+碎屏全保】 vivo S9e 5G手机 星夜极光 3200万超清前置 后置6400 黑曜石 8+128GB 5G全网通（标配版）,500+条评价,头号卖家旗舰店
￥1799.00,"OPPO A93s 5G新品oppo手机【仅1769】256G大内存a93同款 oppoa93s手机 A93s白桃汽水8GB+256GB【咨询有礼】 官方标配【加1年延保+晒单返20】
【8+256G直降200，低至1799起！】享6期免息+送蓝牙耳机+套装礼扫地机+39换购碎屏险+1年全国联保+1年延保+晒单20+现货速发！A93s爆款推荐！",2000+条评价,OPPO酷炫手机专卖店
￥2999.00,"华为nova7 5G手机【Pro店内可选】 7号色 8+128G 全网通
【原装正品，全国联保】nova7麒麟985芯片；后置6400万变焦四摄，40W充电，4000mAh大电池",5000+条评价,京铠玄手机旗舰店
￥999.00,"OPPO A35 4GB+64GB 雾海蓝 轻薄时尚外观 AI智能三摄 全网通拍照手机
【12月5日，优惠100元，店铺会员叠加优惠10元到手889元丨赠原厂耳机丨以旧换新至高补贴800元】
【K9至高优惠210元】",1万+条评价,OPPO京东自营官方旗舰店
￥619.00,"小米红米Redmi 9A 手机 5000mAh大电量 大屏幕大字体大音量1300万AI相机八核处理器 晴空蓝 4GB+64GB
5000mAh大电量，大屏幕大字体大音量，1300万AI相机，八核处理器抢爆品红米note9",2万+条评价,伟德手机专营店
￥2699.00,"华为nova9 新品手机【华为nova9pro店内可选】 9号色 全网通(8G+128G)
【咨询客服更优惠】现货当天发，华为官方直供全国联保
【赠】碎屏险+好评红包+品牌充电器+手机壳+精美贴膜+2年保修等【华为nova9pro】",2000+条评价,掌视界数码旗舰店
￥2699.00,小米10S 5G手机 全网通 8G+128G 蓝色 官方标配【晒单有礼】,1000+条评价条评价,掌视界数码旗舰店
￥5288.00,"华为P40 5G【白条免息可选送豪礼】全网通智能手机 支持鸿蒙HarmonyOS 亮黑色 8G+128G
【华为官方直供货源.原装正品.现货速发】送：无线蓝牙耳机+蓝牙音箱+三合一数据线+钢化膜+保护套等好礼去购买华为P40Pro",1万+条评价,OKSJ手机旗舰店
￥1599.00,"realme 真我Q3s 骁龙778G 144Hz可变帧电竞屏 5G手机 6GB+128GB 星云色 官方标配
【新品上市,到手价1599起】晒单返10元红包,直播间下单赠碎屏险！",500+条评价,realme真我官方旗舰店
￥899.00,"华为畅享10e手机【大音量/大电池】 幻夜黑 4+64G 全网通
【原装正品，全国联保】6.3英寸大屏幕；5000mAh大电池",2万+条评价,京铠玄手机旗舰店
￥648.00,"中兴 V2022 4G墨云灰 4GB+64GB全网通1600万AI三摄5000mAh大字体时光机老人机孝心机备用机智能机4G老年手机
6.82英寸高清大内存,5000mAh大电池,1600万AI三摄,联系客服,购机无忧.点击购买",2万+条评价,中兴京东自营官方旗舰店
￥1699.00,"vivo Y76s 5G手机 8GB+128GB 星河蓝 44W超级闪充 5000万超清影像 超闪星钻 轻薄拍照手机
【新品上市，特惠100，到手价1699，白条6期免息+PLUS赠XE710耳机】，T1至高省200》",1000+条评价,vivo京东自营官方旗舰店
￥2699.00,小米10S 5G手机 全网通 8G+128G 蓝色 官方标配【晒单有礼】,1000+条评价,掌视界数码旗舰店
￥5188.00,"【现货速发】华为P40 5G手机白条分期麒麟990 【P40】亮黑色【当天发货】 8G+128G 【华为直供】
华为p40限时秒杀【麒麟990-5G芯片】稀缺现货，卖一台少一台！当日速发！华为P40限时特惠秒杀!立即购买！",5000+条评价,疆界互联旗舰店
￥2999.00,"京品手机	
黑鲨4 12GB+128GB 幻镜黑 骁龙870 磁动力升降肩键 120W极速闪充 144Hz三星E4屏 对称立体声 5G电竞游戏手机
【购机尊享白条12期免息+赠黑鲨散热背夹标准版，赠完为止】更多活动请戳查看！",10万+条评价,黑鲨京东自营官方旗舰店
￥179.00,"天语（K-Touch）S6 4G老人手机移动联通电信三网双卡双待超长待机大声大屏直板按键 学生功能老年手机 幻夜黑
赠：3年只换不修/2500毫安大电池/大喇叭独立听筒//大字体/来电报名/读信息/整点报时/收音机/自动开关机/黑名单/电子书/快捷拨号/号码归属地查询红色",5万+条评价,天语手机京东自营官方旗舰店
￥899.00,"荣耀畅玩20 4G全网通老人学生智能手机 5000mAh续航 6.5英寸护眼大屏 幻夜黑 4+128G 官方标配（享90天碎屏险）
【荣耀畅玩20，大量现货，赠店铺延保1年+享碎屏险季卡+电信祥云卡】畅玩20Pro，畅玩20升级版，6400万高清四摄查看",5万+条评价,京东之家官方旗舰店
￥8928.00,"Apple 苹果13Pro Max iPhone 13Pro Max 5G手机 远峰蓝色 128GB
20点前下单，当天发【国行全新未激活】晒单享好礼！送20W充电器+90天碎屏险+壳膜套装+无线充+晒单返20元【推荐苹果12Pro】",1000+条评价,耐谷手机旗舰店
￥1699.00,诺基亚 NOKIA G50 5G 全网通 5000mAh电池高通骁龙 4800万超级夜景 6.82全面屏美颜拍照手机  4GB+128GB 海蓝,2万+条评价,诺基亚手机京东自营旗舰店
￥1899.00,"OPPO A92s手机 新品5G 【低至1499】 前置双摄智能拍照手机 oppoa92s 私语白 8G+128G 全网通【晒单返20】
【爆款来袭】前置高清双摄+120Hz畅感屏+后置4800万四摄【抢购福利】超值好礼+全国联保+晒单20元红包等多重好礼",5000+条评价,OPPO优品专卖店
￥299.00,"诺基亚 NOKIA 220 4G 移动联通电信三网4G 蓝色 直板按键 双卡双待 备用功能机 老人老年手机  学生备用机
关注店铺即享粉丝价","去看二手
20万+条评价",诺基亚手机京东自营旗舰店
￥2999.00,"拍拍	
Apple iPhone 11 苹果11手机  二手手机 白色 128G
优惠持续进行中，95新128G苹果12低至4199，数量有限，快来抢购速戳",2万+条评价,拍拍严选官方旗舰店
￥6849.00,"华为mate40pro 5G\4G手机【支持鸿蒙HarmonyOs】 亮黑色 全网通8G+256（5G版66W充电套餐）
【华为官方直供】大量现货，当天发货，新包装加送66W充电器【赠】碎屏险+2年保修+运费险+手机壳+精美贴膜等",5000+条评价,京联通达旗舰店
￥2299.00,"小米 红米note11pro+ 新品5G手机 迷雾森林 8+256GB 全网通
【当天发货】120W快充，一亿像素高清相机，天玑920液冷芯
【赠】20元晒单红包+碎屏险+蓝牙耳机+壳膜+2年保修+运费险等",500+条评价,炜东电商旗舰店
￥1799.00,Redmi Note 11 Pro5G智能游戏手机三星AMOLED屏120Hz高刷屏小米红米新品 迷雾森林 6GB+128GB,2000+条评价,小米手机官方旗舰店
￥3999.00,"【仅3699】OPPO Find X3 pro 5G手机oppo曲面findx2findx3pro Find X3镜黑(8GB+128GB)【现货】 官方标配【扫地机+两年保修+晒单返20】
【至高优惠800，低至3699起！】享12期免息+赠扫地机+39元换购碎屏险+晒单返20+粉丝券10+原装配件+1年全国联保+运费险！今日下单加赠1年延保！",2000+条评价,OPPO酷炫手机专卖店
￥1199.00,"Redmi Note9 4G 6000mAh大电池 骁龙662处理器红米手机小米官方 烟波蓝 8GB+128GB
【Note11-4G新品发售】高性价比4G手机，买赠99元定制双肩包！戳我抢购~",5000+条评价,小米手机官方旗舰店
￥596.00,"小米红米9A 智能老人手机 晴空蓝 全网通4G+64G
热评10W+【小米直供】1300万AI相机，八核处理器，5000mAh大电量！荣耀畅玩20",10万+条评价,佳沪电商旗舰店
￥679.00,"朵唯（DOOV）D50 Pro 智能手机 百元学生手机 128GB大内存老人手机 华为HMS 全网通4G双卡双待老年机 星辰蓝
【自营·京东快递】移动联通电信,支持5G卡、红外人脸+指纹识别、1600万后置双摄、华为HMS",500+条评价,朵唯手机京东自营旗舰店
￥89.00,"天语（K-Touch）T2 老人手机语音播报移动2G直板按键大字大声大屏超长待机老年学生备用功能手机 金色 
自营/热销爆款/一年换新//抗摔金属边框/语音播报/双卡双待/持久待机/亲情号码/收音机/强光手电/电子书购买4G版",50万+条评价,天语手机京东自营官方旗舰店
￥1599.00,vivo iQOO Z5x 6GB+128GB  透镜黑 44W闪充 5000mAh大电池 120Hz高刷屏 双模5G全网通手机iqooz5x,2万+条评价,iQOO京东官方自营旗舰店
￥5849.00,"Apple iPhone 13 (A2634) 128GB 粉色#支持移动联通电信5G 双卡双待手机
Apple iPhone 13",2000+条评价,中国电信自营旗舰店
￥1399.00,"海信(Hisense) 阅读手机A5Pro CC版(彩墨屏) 阅读礼盒版 电纸书阅读器 墨水屏 6GB+128GB 墨玉黑
【热爱好物提前购！12.3-12.6享3期免息！】纸书般观感体验，助力高效办公学习！更多活动",2万+条评价,海信手机京东自营旗舰店
￥2099.00,"拍拍	
Apple iPhone X 苹果x二手手机 银色 256G
优惠持续进行中，95新128G苹果12低至4199，数量有限，快来抢购速戳",2万+条评价,拍拍严选官方旗舰店
￥2499.00,"华为nova7se 5G手机 【支持鸿蒙HarmonyOs手机店内有售】 仲夏紫 8+128G 【乐活版】
【部分颜色活动价仅2499】6400万高清AI四摄；40W充电，4000mAh大电池；6.5英寸极点全面屏【紫色直降2589】",2万+条评价,京铠玄手机旗舰店
￥6919.00,"华为mate40 Pro-华为mate40 Pro+ 5G手机 亮黑色8G+256G 【碎屏险套装】全网通
【华为官方直供】当日发货，全国联保，【赠】非华为40w原装充电器+品牌无线充+碎屏险季卡+精致硅胶保护套+高清保护膜+2年保修华为mate40爆款抢购",2万+条评价,疆界互联旗舰店
￥2399.00,三星 Galaxy A52 5G 双模5G 120Hz全视屏 6400万后置超清四摄 游戏手机 8+128GB 奶油白,2万+条评价,三星京东自营官方旗舰店
￥1029.00,"小米 红米Note9 5G手机 云墨灰（6G+128GB) 官网标配
现货速发，天玑800U处理器，5000毫安大电池，60hz刷新，【新品红米note11】点此",5000+条评价,冰之凯盛手机旗舰店
￥3499.00,"【当天发货】小米11 5G 骁龙888 2K AMOLED四曲面柔性屏 游戏手机 8G+128GB 黑色 55W充电器套装 套装版【含55W充电套装】
赠：55W充电器套装+无线蓝牙耳机+超薄无线充+180天碎屏宝+运费险+晒单返20",1万+条评价,头号卖家旗舰店
￥6799.00,"华为mate40pro  5G手机【支持鸿蒙HarmonyOs】 亮黑色 8+256G全网通（5G版66w充电套装）
【华为官方直供】大量现货，当天发货，新包装加66W充电套装【赠】碎屏险+晒单红包+2年保修+运费险+手机壳+精美贴膜等","去看二手
2万+条评价",炜东电商旗舰店
￥188.00,"飞利浦 PHILIPS E536 骑士黑 4G全网通老人手机 双卡双待超长待机 大字大声大按键老年机 学生儿童备用功能机
【自营】4G全网通/高清大屏/纤薄机身/1700毫安大电池/孤岛式独立大按键/大字体大声音//8个亲情号码键【365天以换代修】查看同款红色",5000+条评价,飞利浦手机京东自营旗舰店
￥2899.00,"OPPO* Reno6 5G全网通轻薄拍照手机 星河入梦 12GB+256GB
【中国电信国企品质保障】享6期免息+赠价值299元无线蓝牙充电仓耳机，评论有赏返1000-3000京豆！详询客服。",500+条评价,中国电信自营旗舰店
￥3699.00,【现货速发】小米11 全网通 游戏智能5G手机 蓝色 8G+256GB 官方标配【55W充电套装+20元晒单红包】,200+条评价,酷族数码旗舰店
￥2699.00,"vivo iQOO Neo5 手机5G 高通骁龙870   电竞游戏手机 智能手机 云影蓝8G 256G 全网通
【独立显示芯片性能旗舰机Neo5到手价2499起！6起免息！】购机赠充电宝+蓝牙音箱+惊喜盲盒
【京东/顺丰包邮】全国联保+180天碎屏险！",1万+条评价,兰珊手机旗舰店
￥449.00,"守护宝（上海中兴）F20 老人机4g全网通老人智能手机老年手机电信大字大声6英寸大屏幕学生手机 3+32G 蓝色
游戏快充大电池品质大字体大屏幕备用机千元迷你安卓续航全面屏便宜儿童超长待机官方旗舰店双卡双待手机",2万+条评价,守护宝手机京东自营旗舰店
￥2199.00,"vivo S10e 5G手机 8GB+128GB 烟霞 6400万超清影像 轻薄外观 高性能处理器 自然柔光人像 双模5G全网通手机
【特惠200，狂欢价2199，白条12期免息+赠无线影音耳机+以旧换新全场至高返600】T1至高省200》",1000+条评价,vivo京东自营官方旗舰店
￥1799.00,"荣耀X10 5G手机 麒麟820芯片 支持升级华为鸿蒙HarmonyOs系统【荣耀X20可选】 X10 竞速蓝 全网通（8+128G）
全新正品现货当天发出！下单即送耳机+钢化膜+运费险！华为麒麟820处理器，升降式摄像头!荣耀X20SE促销优惠",2万+条评价,华信通手机专营店
￥1299.00,"【到手价1199起！】OPPO K7x 5G新品手机90Hz电竞屏拍照游戏智能视频手机闪充拍照大电池 黑镜 6GB+128GB
Reno7系列新品上市！享24期免息，日付低至3.7元！加赠299元EncoAir耳机丨前200加19.9元换购流星宝藏礼盒！晒单至高赢100元E卡！",2万+条评价,OPPO官方直营旗舰店
￥2099.00,HUAWEI nova 8 SE 4G全网通 8+128GB幻夜黑 6400万高清四摄 66W超级快充 6.5英寸OLED大屏华为手机 标配无充,10万+条评价,华为京东自营官方旗舰店
￥2899.00,"拍拍	
Apple iPhone XS Max 苹果xsmax手机  二手手机 金色 256G
优惠持续进行中，95新128G苹果12低至4199，数量有限，快来抢购速戳",2万+条评价,拍拍严选官方旗舰店
￥3199.00,"【当天发货】小米10S 5G新品手机 全网通 5G 游戏手机 12G+256G 黑色 原装充电套装版
【现货速发】赠：33W充电器套装+180天碎屏宝+运费险+晒单返20",5000+条评价,头号卖家旗舰店
￥949.00,"荣耀畅玩20 4G智能老人学生手机 幻夜黑 全网通（6+128GB）送碎屏险（90天）
【荣耀直供-京东速发】5000mAh超大电池续航+6.5英寸大屏+莱茵护眼;碎屏险(90天)+运费险+本店质保1年+全国联保1年play5T到手价1099起",5000+条评价,冰之凯盛手机旗舰店
￥2799.00,"黑鲨4s 5G游戏手机电竞 高通骁龙870 120W极速闪充 磁动力升降肩键 三星144Hz电竞屏 玄黑 8GB+128GB
黑鲨4s 5G游戏手机电竞 高通骁龙870 120W极速闪充 磁动力升降肩键 三星144Hz电竞屏 玄黑 8GB+128GB",1000+条评价,华威启航手机专营店
￥7488.00,"【现货速发】小米MIX Fold 5G折叠屏手机全网通 12G+256G 黑色 官方标配【晒单有礼】
【限时直降！】享20元晒单红包+1年质保+全国联保+7天价保【小米mix4下单立减400】",200+条评价,疆界互联旗舰店
￥3499.00,【3349起】vivo iQOO8系列新款电竞游戏5G旗舰手机 iqoo7升级版 iqoo8pro iQOO 8 耀8G+128G 官方标配[90天碎屏险],500+条评价,京东之家官方旗舰店
￥959.00,"小米 红米note9  智能父母学生老人手机 羽墨黑 6GB+128GB全网通
【当天发货】4+128G到手价859元！小米官方直供，6000mAh大电池，4800万高清三摄，立体双扬声器大音量【赠】全国联保+2年保修+运费险等",1万+条评价,炜东电商旗舰店
￥596.00,"小米红米9A Redmi 智能学生老人手机 砂石黑 全网通(4G+64G)
小米红米9A Redmi 智能学生老人手机 砂石黑 全网通(4G+64G)",5万+条评价,掌视界数码旗舰店
￥1299.00,"Redmi Note 11 5G智能手机天玑810 5000mAh大电池 立体声双扬声小米红米新品 神秘黑境 6GB+128GB
【Note11-4G新品发售】高性价比4G手机，买赠99元定制双肩包！戳我抢购~",2000+条评价,小米手机官方旗舰店
￥699.00,"诺基亚 NOKIA C3 沙金 双卡双待 移动联通电信三网4G智能手机 全面屏 大字体 大音量 老人老年机
加入店铺会员即享会员价",2万+条评价,诺基亚手机京东自营旗舰店
￥2699.00,"华为nova9 新品手机【搭载HarmonyOS2系统】 绮境森林 全网通8+128GB 66W充电器套装
【今日下单送66W充电套装】部分配置下单立减40元【华为官方直供】全国联保，原封正品，下单即赠壳膜套装+原装碎屏宝+2年延保+晒单30元红包】华为P50",2000+条评价,京联通达旗舰店
￥3999.00,荣耀60 Pro 流光四曲屏设计 1亿像素多主摄影像系统 66W超级快充 全网通版 12GB+256GB 幻境星空【预售版】,0条评价,荣耀京东自营旗舰店
￥2699.00,"荣耀60 前后双曲设计 1亿像素超清摄影 高通骁龙778G 5G 66W智慧超级快充 全网通版 8GB+128GB 幻境星空
【12月10日10:08抢购，预约享12期免息】双曲面机身新体验，1亿像素超清影像！预售版本送半年碎屏险，点此看~",0条评价,荣耀京东自营旗舰店
"￥499.00

￥489.00","天语（K-Touch）K20 智能老人手机 4G全网通 超长待机 双卡双待 移动联通电信 学生备用老年人手机 黑色
天语（K-Touch）K20 智能老人手机 4G全网通 超长待机 双卡双待 移动联通电信 学生备用老年人手机 黑色",1000+条评价,天语手机京东自营官方旗舰店
￥1899.00,"OPPO Reno4se新品5G手机 【1599起】 65W闪充 大内存长续航游戏手机 四摄拍照手机 超闪蓝 8+128G 全网通【晒单返20】
【爆款来袭】65W闪充+4300大电池+智能美颜+超清护眼屏！【抢购福利】超值好礼+全国联保+晒单20红包等",5000+条评价,OPPO优品专卖店
￥1016.00,"小米 Redmi 红米Note9 5G手机 【多重好礼】 云墨灰 全网通(6G+128G)
小米手机，手机，手机小米，小米手机自营，5G手机，小米11，小米10，小米note9pro，小米10青春版，小米note9",1万+条评价,掌视界数码旗舰店
￥2699.00,"vivo iQOO Neo5手机5G【享碎屏险】iqooneo5骁龙870闪充游戏电竞手机安卓全网通 夜影黑【全网通标配版】 8GB+256GB
赠运动耳机+晒单10元红包+半年碎屏险+全国联保，独立显示芯片、骁龙870处理器！现货速发，戳我速抢！",1万+条评价,京域手机旗舰店
￥3129.00,荣耀50pro  5G手机 60pro店内可选 初雪水晶 全网通（8+256G）+碎屏险套餐,2000+条评价,华信通手机专营店
￥4199.00,"华为mate40e 5G\/4G手机 【支持鸿蒙HarmonyOs】 亮黑色 全网通4G版【8GB+128GB】碎屏险套装
【华为官方直供，内含原装充电器】下单赠碎屏险季卡+晒单10元+壳膜套装+运费险+全国联保一年华为p50pro新品戳",2000+条评价,京联通达旗舰店
￥1199.00,"华为智选U-Magic优畅享30e 全网通5G手机 智慧双5G 22.5W 5000mAh大容量电池 雅致黑 4GB+128GB
华为智选U-Magic优畅享30e 全网通5G手机 智慧双5G 22.5W 5000mAh大容量电池 雅致黑 4GB+128GB",500+条评价,微炫数码旗舰店
￥1639.00,"拍拍	
小米10（5G） 安卓智能 二手手机 大陆国行 黑色 8G+128G
优惠持续进行中，95新128G苹果12低至4199，数量有限，快来抢购速戳",5000+条评价,拍拍严选官方旗舰店
￥1549.00,"拍拍	
华为 HUAWEI P30 安卓智能 华为二手手机 大陆国行 亮黑色 8G+128G
华为mate40pro(5G)95新釉白色8G+256G限时直降秒杀，领取70元优惠券到手价仅5248元，仅限12月4日16点-12月5日16点。速抢！速戳",1万+条评价,拍拍严选官方旗舰店
￥1199.00,"OPPO A11s新品手机 5000mAh大电量 a32a35升级 全面屏拍照智能手机 长续航大内存 磨砂黑 8G+128G 全网通【全国联保+晒单返20】
【新品来袭】5000mAh大电池+128G大内存+90Hz护眼屏！【抢购福利】超值好礼+全国联保+晒单20红包等",1000+条评价,OPPO优品专卖店
￥2699.00,vivo iqoo Neo5 5G手机【6期免息+碎屏险】iqooneo5骁龙870闪充游戏电竞手机 Neo5-像素橙 8+256GB【官方标配】,5000+条评价,头号卖家旗舰店
￥2499.00,"realme 真我GT Neo2 骁龙870 120Hz旗舰屏 5000mAh大电池 5G游戏手机 黑薄荷 8GB+128GB 官方标配
【24期免息，入会再领50元券，到手价2349起】晒单返10元红包,直播间下单赠碎屏险！加1元换购游戏肩键，加179元换购黑薄荷Air2黑薄荷耳机",2000+条评价,realme真我官方旗舰店
￥2099.00,"vivo iQOO Neo5活力版5G手机【享碎屏险】iqooneo5学生游戏手机安卓智能全网通 极夜黑 8GB+128GB 全网通标配版
【至高省310，低至1989起！】专享6期免息，赠运动耳机+碎屏险，骁龙870处理器、144Hz竞速屏、立体双杨！现货速发，戳我速抢！",2000+条评价,京域手机旗舰店
￥209.00,"诺基亚 NOKIA 新150 红色 直板按键 移动2G手机 双卡双待 老人老年手机 学生备用功能机 超长待机
关注店铺即享粉丝价",2万+条评价,诺基亚手机京东自营旗舰店
￥2399.00,"荣耀50 SE 新品5G手机 天玑900芯片 1亿像素【荣耀60店内可选】 亮黑色 8GB+256GB
下单攻略【直播间领券下单再减20元加送颈椎按摩仪】【咨询客服加送好礼】【晒单返10元现金红包】【荣耀x20上市】",5000+条评价,京合旗舰店
￥1199.00,"【5000毫安大电池】华为(HUAWEI)畅享10e 4G版全网通 智能老人老年学生大屏长待手机 华为畅享10e(幻夜黑) (4GB+128GB)
【新版华为畅享20e上市】6.3英寸屏幕,5000毫安大电池超长待机,后置双摄,大屏幕,大电池，华为畅享8/9/10e/20e系列特价",2万+条评价,优爱特手机专营店
￥1699.00,小米 Redmi 红米Note11 Pro 游戏智能5G手机 6GB+128GB 神秘黑境 官方标配,200+条评价,掌视界数码旗舰店
￥5859.00,"【可选12期白条免息】Apple 苹果 iPhone 13 5G手机 粉色 128G(壳膜+品胜充电套装)
【你好5G！iPhone13新品上市】购机赠送快充头+壳膜套装+运费险+晒单返20元红包+全国联保点击购买苹果13pro",1000+条评价,天域手机专营店
￥499.00,"朵唯X50 Pro智能手机 幻彩玻璃机身5.7英寸水滴全面屏4G全网通游戏学生电信双卡双待 天空幻境 32GB
【新品上市，顺丰速发】下单赠多重好礼，5.7英寸水滴全面屏、128GB大内存、红外人脸+指纹识别、1600万后置双摄、华为HMS生态、应用八开",500+条评价,京成手机专营店
￥1129.00,"拍拍	
华为 HUAWEI P20 Pro 安卓智能 华为二手手机 大陆国行 亮黑色 6G+128G
华为mate40pro(5G)95新釉白色8G+256G限时直降秒杀，领取70元优惠券到手价仅5248元，仅限12月4日16点-12月5日16点。速抢！速戳",5000+条评价,拍拍严选官方旗舰店
￥2799.00,"华为智选 雷鸟FF1 6.67英寸120Hz高刷无界屏 66W疾速闪充 6400万像素超清影像 8+256GB冰川湖翠全网通5G手机
【雷鸟】120Hz高刷无界屏,66W疾速闪充,6400万像素超清影像,速来抢购；华为手机热销爆款，限量抢购，猛戳》》》",500+条评价,华为京东自营官方旗舰店
￥89.00,"飞利浦（PHILIPS）E109 陨石黑 环保材质 移动联通2G 直板按键 双卡双待 老人手机 儿童学生备用老年功能手机
【365天无忧换新】一年只换不修！经典升级版!国际大牌,低辐射,经久耐用老年机,长待机,防滑机身,防尘按键,高亮手电,支持收音机/MP3娱乐》特价手机戳我更精彩",5万+条评价,飞利浦手机京东自营旗舰店
￥2799.00,荣耀50 新品5G男女款手机 1亿像素清影像 6.57英寸曲屏 夏日琥珀 全网通8+128G送季度碎屏险+1年保修,500+条评价,秦王湖手机旗舰店
￥282.00,"飞利浦 PHILIPS E256S 移动联通2G 陨石黑 双屏翻盖大屏 老人机 老人手机 老年机老年手机学生备用机
飞利浦（PHILIPS ） E256S",10万+条评价,
￥1899.00,"小米Redmi红米K40 5G游戏手机 全网通 8G+128G 幻境 官方标配【碎屏险+晒单有礼】
【5万多人的放心选择】赠：90天碎屏险+高品质耳机+耳机转接头+高清钢化膜+全国联保+运费险！【红米K40pro+限时直降】",5万+条评价,疆界互联旗舰店
￥189.00,"诺基亚 NOKIA 125 黑色 直板按键 移动2G手机 双卡双待 老人老年手机 学生备用功能机 超长待机
加入店铺会员即享会员价",5万+条评价,诺基亚手机京东自营旗舰店
￥1499.00,"vivo Y52s 5G手机 6GB+128GB 钛空灰 5000mAh大电池 4800万影像系统 90Hz灵动护眼屏 双模5G全网通手机
【3期免息+PLUS赠XE710耳机+以旧换新全场至高返600】Y76s新品上市》",5万+条评价,vivo京东自营官方旗舰店
￥1199.00,"【969起】OPPO A11s 新品手机 智能拍照a32\/a35全网通oppoa11s手机 磨砂黑 8GB+128GB【现货速发】 官方标配【1年延保+晒单20】
【至高优惠30元低至969元起】赠蓝牙佴机+20元晒单红包+2年全国联保+运费险+7天价保",1000+条评价,头号卖家旗舰店
￥1499.00,【当天发货】Redmi Note11 游戏智能5G手机 小米 红米 8GB+128GB 微醺薄荷 官方标配,200+条评价,头号卖家旗舰店
￥2569.00,"荣耀50 / 50pro 5G手机 荣耀60店内可选 荣耀50  亮黑色 全网通（8+256G）碎屏险套餐
官网价直降300！全新正品当天发货！下单即赠晒单红包10元+水凝膜+碎屏险季卡+运费险等!荣耀50SE直降300到手价1979",2000+条评价,华信通手机专营店
￥129.00,"诺基亚（NOKIA）106 直板按键 移动2G手机 双卡双待 老人老年手机 学生备用功能机 106双卡 深灰色
诺基亚（NOKIA） 106",5000+条评价,诺基亚手机官方旗舰店
￥949.00,"荣耀Play5T活力版 手机 5000mAh大电池 6.6英寸全面屏 极光蓝 6GB+128GB
【下单赠多重好礼】6.6英寸大屏幕，5000mAh大电池，超级快充，高清四摄抢爆品华为荣耀play5t",2000+条评价,伟德手机专营店
￥6789.00,"华为Mate40Pro 5G手机【支持鸿蒙HarmonyOs】 亮黑色 8+256G（5G版）【66W充电套装版】
4G版至高直降800【原装正品，赠66w充电套装】5nm麒麟9000SoC旗舰芯片,超感知徕卡电影影像【华为mate40点此】",2000+条评价,京铠玄手机旗舰店
￥1499.00,"荣耀x20se 【荣耀x20可选】5G手机 下单加送碎屏险 6400万高清AI三摄 x20se幻夜黑 8+128GB
当天发货，快至次日达！【新品首销赠多重礼品】6400万高清AI三摄，6.6英寸超窄边全视屏，22.5W充电长续航",2000+条评价,京铠玄手机旗舰店
￥3499.00,荣耀50 PRO 5G 1亿像素超清影像 全网通智能【现货当天发 12期免息可选】手机 墨玉青 12+256GB,2000+条评价,OKSJ手机旗舰店
￥1699.00,"荣耀x20【荣耀x20se可选】 5G手机66W超级快充 120Hz高刷屏 x20幻夜黑 8GB+128GB 官方标配
下单加送碎屏险+三合一数据线+钢化膜+液态硅胶壳+评价红包",2000+条评价,京铠玄手机旗舰店
